{"worker ID":0,"min (s)":0.0010149999998247949407,"max (s)":0.0012240000000929285306,"mean (s)":0.0010660841931683859296,"duration (s)":1066.1143147439997847}