{"worker ID":0,"min (s)":0.00058034075857449352043,"max (s)":0.0052842348186459275894,"mean (s)":0.00066994065859071793081,"duration (s)":669.94395916998814755}