{"worker ID":0,"min (s)":1.1327405786687450018e-06,"max (s)":0.0069289741448415043124,"mean (s)":0.0010031356621084874456,"duration (s)":1003.1376204292030252}