{"worker ID":0,"min (s)":0.00029089599956932943314,"max (s)":0.011795043000347504858,"mean (s)":0.0011499987075204150342,"duration (s)":1150.0003911129997505}