{"worker ID":0,"min (s)":0.0017393409998476272449,"max (s)":0.0036838400000007709423,"mean (s)":0.0017920195750031498588,"duration (s)":1792.0304398250000304}