{"worker ID":0,"min (s)":8.4999992395751178265e-06,"max (s)":0.011279999998805578798,"mean (s)":0.001002759248318495092,"duration (s)":1002.7613345000027039}