{"worker ID":0,"min (s)":0.0004854000000023006578,"max (s)":0.0059799999999938791007,"mean (s)":0.001204693820987641972,"duration (s)":1204.7004248999999163}